<?xml version="1.0" encoding="UTF-8"?>
<project-private xmlns="http://www.netbeans.org/ns/project-private/1">
    <editor-bookmarks xmlns="http://www.netbeans.org/ns/editor-bookmarks/2" lastBookmarkId="0"/>
    <open-files xmlns="http://www.netbeans.org/ns/projectui-open-files/2">
        <group>
            <file>file:/D:/System3ProyectoSprunt1/src/sprint1/Principal.java</file>
            <file>file:/D:/System3ProyectoSprunt1/src/sprint1/conectividad.java</file>
            <file>file:/D:/System3ProyectoSprunt1/src/sprint1/RegistrarInversion.java</file>
            <file>file:/D:/System3ProyectoSprunt1/src/sprint1/consultar_c.java</file>
            <file>file:/D:/System3ProyectoSprunt1/src/sprint1/consultar_s.java</file>
        </group>
    </open-files>
</project-private>
